;Variável;∆MAE (LOFO);∆MAE (Permutação);Média ∆MAE (Importância)
2;taxa_de_analfabetismo(%);0.011305677563772806;0.0046173947473259905;0.007961536155549398
1;renda_media;0.0006956810964135916;0.010215298205521387;0.005455489650967489
3;esperança_vida;0.004035192970765055;0.0057645188122643;0.004899855891514678
5;crimes_renda;0.0013528850600792383;0.001272870776597862;0.0013128779183385502
7;esperança_vida_renda;-0.0012089192275863804;0.003324503428475254;0.0010577921004444367
4;crimes_porhab(100K);0.0023310870811073733;-0.0007683648544935917;0.0007813611133068908
0;total_crimes;0.0007852638017395094;9.834705841288236e-05;0.0004418054300761959
6;crimes_educ;-0.0022973440113203186;1.3584296793265651e-05;-0.0011418798572635264
