;Variável;∆MAE (LOFO);∆MAE (Permutação);Média ∆MAE (Importância)
2;taxa_de_analfabetismo(%);0.012400795377592637;0.004287383065556627;0.008344089221574633
1;renda_media;0.001790798910233423;0.009949108961937361;0.005869953936085392
3;esperança_vida;0.0051303107845848865;0.005415523358720085;0.005272917071652486
5;crimes_renda;0.0024480028738990698;0.002728701247933154;0.002588352060916112
7;esperança_vida_renda;-0.00011380141376654898;0.003351979965686606;0.0016190892759600285
4;crimes_porhab(100K);0.003426204894927205;-0.0003943935259364872;0.0015159056844953587
0;total_crimes;0.001880381615559341;-0.0007492826664933746;0.0005655494745329832
6;crimes_educ;-0.0012022261975004871;0.00038816419153575035;-0.0004070310029823684
