;Variável;∆MAE (LOFO);∆MAE (Permutação);Média ∆MAE (Importância)
2;taxa_de_analfabetismo(%);0.011305677563772806;0.004965605988544194;0.008135641776158501
3;esperança_vida;0.004035192970765055;0.006076942806022738;0.005056067888393897
1;renda_media;0.0006956810964135916;0.0070507086404541855;0.0038731948684338885
5;crimes_renda;0.0013528850600792383;0.0015681618388704611;0.0014605234494748497
4;crimes_porhab(100K);0.0023310870811073733;9.445352824132401e-05;0.0012127703046743486
7;esperança_vida_renda;-0.0012089192275863804;0.002569094255022431;0.0006800875137180254
0;total_crimes;0.0007852638017395094;8.325169932948051e-05;0.00043425775053449497
6;crimes_educ;-0.0022973440113203186;0.00041506060171389917;-0.0009411417048032097
