;Variável;Diferença de mae (Permutação)
4;crimes_porhab(100K);-0.0007683648544935917
6;crimes_educ;1.3584296793265651e-05
0;total_crimes;9.834705841288236e-05
5;crimes_renda;0.001272870776597862
7;esperança_vida_renda;0.003324503428475254
2;taxa_de_analfabetismo(%);0.0046173947473259905
3;esperança_vida;0.0057645188122643
1;renda_media;0.010215298205521387
